col1;col2;col4;col5
1;true;qwe;123.12300109863281
2;true;qwewqeqwe;123.12300109863281
3;false;qweqwewq;123.12300109863281
4;true;asdsada;123.44000244140625
5;false;ertert;3332
